Var1,Var2,Jaccard,RussellRao,n,p_value
gender_nonbinary,ident_trans_nonbinary,0.7751937984496124,0.17371163867979156,6908,<0.00001
gender_male,ident_cis_male,0.6155707946752723,0.2209033005211349,6908,<0.00001
race_white,region_american,0.5738717339667458,0.5200172191132156,6969,<0.00001
gender_female,ident_cis_female,0.5667028199566161,0.15127388535031847,6908,<0.00001
race_white,is_autistic,0.561624649859944,0.5071936758893281,6325,<0.00001
sex_trans,is_autistic,0.5461746925161559,0.41752988047808764,6275,<0.00001
region_american,is_adhd,0.5217228464419476,0.436061981530756,6389,<0.00001
is_adhd,is_autistic,0.5026646364674534,0.41336672405697295,6389,<0.00001
sex_trans,is_adhd,0.48466382287223236,0.3802390438247012,6275,<0.00001
sex_cis,ident_cis_male,0.46144541880858786,0.2209033005211349,6908,<0.00001
region_american,sex_trans,0.459546925566343,0.3693107932379714,6921,<0.00001
sex_cis,rel_single,0.44900422450211225,0.32399477427783424,6889,<0.00001
gender_female,ident_trans_female,0.43329718004338397,0.1156629994209612,6908,<0.00001
sex_trans,is_neurodivergent,0.4295051353874883,0.2932270916334661,6275,<0.00001
is_autistic,is_neurodivergent,0.40108854929872306,0.2998904366880576,6389,<0.00001
rel_single,job_unemployed_student,0.3963946501259934,0.29569115095430887,6916,<0.00001
region_american,is_neurodivergent,0.3925985518905873,0.30552512130223825,6389,<0.00001
region_american,rel_single,0.3923039295613892,0.3441567729938492,6991,<0.00001
ident_cis_male,orient_straight,0.3866066404051773,0.09966632815900188,6893,<0.00001
gender_male,ident_trans_male,0.3844292053247277,0.13795599305153444,6908,<0.00001
sex_trans,is_furry,0.3800585080448562,0.24844621513944223,6275,<0.00001
race_white,job_unemployed_student,0.37719859290054364,0.3419831835314584,6898,<0.00001
rel_single,is_autistic,0.36888400219901046,0.31745781422488567,6341,<0.00001
is_adhd,is_neurodivergent,0.36822429906542054,0.2775082172483957,6389,<0.00001
region_american,via_real_world_person,0.3660068519223449,0.27593628928110203,6969,<0.00001
rel_single,is_adhd,0.3655734667407819,0.3111496609367608,6341,<0.00001
sex_cis,gender_male,0.35821596244131454,0.2209033005211349,6908,<0.00001
is_autistic,is_furry,0.3442622950819672,0.24980435122867428,6389,<0.00001
region_american,job_unemployed_student,0.3397709793197744,0.28505878979065097,6974,<0.00001
sex_trans,ident_trans_nonbinary,0.3332407664537628,0.17371163867979156,6908,<0.00001
region_american,sex_cis,0.3327083688426794,0.28204016760583733,6921,<0.00001
region_american,is_furry,0.3262877077775498,0.24886523712631084,6389,<0.00001
gender_male,rel_single,0.32117984432609586,0.22496413199426113,6970,<0.00001
region_american,job_employed,0.31766100355590676,0.23057069113851447,6974,<0.00001
is_adhd,is_furry,0.31706792777300086,0.23086555016434496,6389,<0.00001
sex_cis,ident_cis_female,0.3159963713335349,0.15127388535031847,6908,<0.00001
race_white,job_employed,0.31369790750835236,0.25862568860539287,6898,<0.00001
sex_cis,ship_mf,0.309393773894047,0.17786499215070645,6370,<0.00001
job_unemployed_student,area_stem,0.3088038533583088,0.19198136749292963,6011,<0.00001
sex_trans,gender_nonbinary,0.30387439858191945,0.17371163867979156,6908,<0.00001
via_real_world_person,via_digital_friend,0.298292220113852,0.11278519156263453,6969,<0.00001
job_employed,area_retail,0.29634831460674155,0.1053069372816503,6011,<0.00001
is_neurodivergent,is_furry,0.29605263157894735,0.17608389419314446,6389,<0.00001
gender_male,job_unemployed_student,0.29471316085489313,0.18886966551326412,6936,<0.00001
area_stem,read_on_desktop,0.2946940726577438,0.23508102955195423,5245,<0.00001
sex_trans,rel_single,0.287920384351407,0.2435767165045725,6889,<0.00001
read_on_desktop,favact_a5a2,0.2834451901565996,0.22424778761061948,5650,<0.00001
sex_trans,ship_mm,0.2825270079849695,0.18885400313971742,6370,<0.00001
sex_cis,is_adhd,0.2793522267206478,0.23091633466135458,6275,<0.00001
ident_cis_male,ship_mf,0.2763962494904199,0.10662053782041202,6359,<0.00001
region_american,gender_male,0.2732516222062004,0.2161391502708868,7014,<0.00001
sex_cis,orient_straight,0.2702783597725232,0.13077480086893556,6905,<0.00001
sex_trans,ident_trans_male,0.26464870869203,0.13795599305153444,6908,<0.00001
rel_single,ship_mf,0.26434904339710685,0.17636986301369864,6424,<0.00001
gender_male,orient_straight,0.2628299120234604,0.10266323024054982,6984,<0.00001
is_neurodivergent,ship_mm,0.2625035320712066,0.15799319727891156,5880,<0.00001
ident_cis_male,rel_single,0.2611731843575419,0.1631288165164292,6878,<0.00001
is_from_homestuck_net,job_unemployed_student,0.25951387183893937,0.15156294809291654,6974,<0.00001
rel_single,via_real_world_person,0.2577854671280277,0.19446055684454758,6896,<0.00001
job_employed,via_real_world_person,0.2553870710295291,0.13953488372093023,6880,<0.00001
sex_cis,gender_female,0.2545056015586946,0.15127388535031847,6908,<0.00001
gender_male,is_adhd,0.2525901367592209,0.19175711813748625,6357,<0.00001
sex_cis,area_stem,0.2525363312311489,0.15581119945863645,5911,<0.00001
gender_male,ship_mf,0.25046097111247695,0.1265331470268592,6441,<0.00001
gender_nonbinary,is_autistic,0.249715973642354,0.17288028944470663,6357,<0.00001
orient_bi_pan,rel_single,0.24939467312348668,0.1921641791044776,6968,<0.00001
sex_cis,favact_a5a2,0.24786072587784008,0.1510791366906475,5560,<0.00001
gender_male,is_autistic,0.2456460105305792,0.19081327670284726,6357,<0.00001
sex_cis,is_autistic,0.24405091311566132,0.2108366533864542,6275,<0.00001
is_neurodivergent,moon_prospit,0.24286759326993415,0.16812964213369344,5924,<0.00001
rel_single,is_neurodivergent,0.24166331860184814,0.1897177101403564,6341,<0.00001
job_unemployed_student,area_arts,0.2398884239888424,0.1430710364332058,6011,<0.00001
sex_trans,orient_gay,0.23767038413878563,0.1388848660391021,6905,<0.00001
gender_nonbinary,is_adhd,0.23460746166170748,0.16123957841749254,6357,<0.00001
job_unemployed_student,via_real_world_person,0.2344638719191068,0.1617732558139535,6880,<0.00001
region_american,rel_mono,0.23174603174603176,0.1670719496495494,6991,<0.00001
ident_cis_male,area_stem,0.22974607013301088,0.09656107064204641,5903,<0.00001
gender_male,area_stem,0.2279924002533249,0.12034096607053318,5983,<0.00001
orient_straight,ship_mf,0.22609099350046424,0.07563286224569032,6439,<0.00001
orient_gay,is_autistic,0.22562802489052777,0.1541975114191211,6349,<0.00001
ident_cis_male,read_on_desktop,0.22506939995729233,0.17566666666666667,6000,<0.00001
gender_nonbinary,ident_cis_nonbinary,0.2248062015503876,0.05037637521713955,6908,<0.00001
sex_trans,ship_ff,0.22434127979924717,0.1403453689167975,6370,<0.00001
sex_trans,rel_mono,0.2235734331150608,0.1387719552910437,6889,<0.00001
region_american,gender_nonbinary,0.22299721004384218,0.15953806672369547,7014,<0.00001
sex_trans,ident_trans_female,0.22188281033046375,0.1156629994209612,6908,<0.00001
region_american,area_stem,0.22118515302800087,0.16952254200632175,6011,<0.00001
orient_bi_pan,rel_mono,0.22111111111111112,0.11423650975889782,6968,<0.00001
gender_nonbinary,is_neurodivergent,0.22070369293399245,0.11939594148183105,6357,<0.00001
rel_single,job_employed,0.2199395770392749,0.15789473684210525,6916,<0.00001
rel_single,is_furry,0.2199232081911263,0.16259265100141934,6341,<0.00001
area_stem,favact_a5a2,0.21966072205306655,0.10393084996912945,4859,<0.00001
gender_female,ship_ff,0.21596419246549795,0.08989287377736377,6441,<0.00001
is_system,is_neurodivergent,0.21473029045643152,0.09719830959461574,6389,<0.00001
is_from_tumblr,job_employed,0.21309090909090908,0.0840263837109263,6974,<0.00001
sex_cis,ship_mm,0.2110899571632556,0.1392464678178964,6370,<0.00001
rel_mono,is_neurodivergent,0.2098163030998852,0.11528150134048257,6341,<0.00001
ident_trans_nonbinary,is_autistic,0.20867915579796065,0.1405301820504631,6262,<0.00001
is_autistic,ship_mf,0.20486032250738134,0.15340136054421769,5880,<0.00001
race_other,region_south_american,0.2048582995951417,0.036303630363036306,6969,<0.00001
sex_trans,area_arts,0.20453257790368273,0.12214515310438166,5911,<0.00001
rel_poly,is_system,0.2044517724649629,0.03911055038637439,6341,<0.00001
ident_cis_male,favact_a5a2,0.20313825275657338,0.08624414836154123,5554,<0.00001
sex_trans,is_system,0.20112201963534362,0.11426294820717131,6275,<0.00001
rel_mono,via_real_world_person,0.19954840530623766,0.1025232018561485,6896,<0.00001
ship_mf,favact_a5a2,0.19912559618441972,0.09378509921377762,5342,<0.00001
is_from_discord_hsd,gender_male,0.19801691455234763,0.0968063872255489,7014,<0.00001
gender_nonbinary,via_real_world_person,0.19765110283586365,0.09978308026030369,6915,<0.00001
race_asian,region_asian,0.19761499148211242,0.01664514277514708,6969,<0.00001
gender_male,orient_bi_pan,0.195662100456621,0.122709049255441,6984,<0.00001
sex_trans,favact_a5a2,0.19470446643487563,0.13093525179856116,5560,<0.00001
gender_nonbinary,job_employed,0.19423761735189382,0.08650519031141868,6936,<0.00001
likeschar_dirk_strider,ship_mm,0.1942051683633516,0.07654320987654321,6480,<0.00001
ident_trans_nonbinary,is_adhd,0.1931166347992352,0.12903225806451613,6262,<0.00001
ident_trans_male,ship_mm,0.1926458832933653,0.07579808145934895,6359,<0.00001
is_from_discord_hsd,ident_cis_male,0.19241088539670373,0.0726693688477128,6908,<0.00001
orient_gay,is_neurodivergent,0.19239904988123516,0.10206331705780437,6349,<0.00001
ident_trans_nonbinary,is_neurodivergent,0.19148936170212766,0.09773235388054935,6262,<0.00001
is_from_tumblr,gender_nonbinary,0.19143468950749465,0.06372968349016253,7014,<0.00001
sex_trans,area_stem,0.19100838201676404,0.1272204364743698,5911,<0.00001
is_from_discord_hsd,favact_a5a2,0.1902458686013704,0.0833922261484099,5660,<0.00001
ident_trans_male,is_juggalo,0.18727050183598531,0.048866176940274675,6262,<0.00001
orient_gay,is_furry,0.18724966622162884,0.08836037171208064,6349,<0.00001
sex_trans,gender_male,0.1858786814901502,0.13795599305153444,6908,<0.00001
ident_trans_female,ship_ff,0.18572927597061908,0.05566913036640981,6359,<0.00001
is_system,is_furry,0.18478260869565216,0.07450305212083268,6389,<0.00001
gender_male,is_neurodivergent,0.1844162188568637,0.1187667138587384,6357,<0.00001
sex_trans,is_juggalo,0.18368421052631578,0.11123505976095617,6275,<0.00001
is_from_tumblr,sex_trans,0.18354274451835428,0.10764340413235082,6921,<0.00001
race_white,area_arts,0.18284333467579542,0.1526563550773369,5948,<0.00001
favorited_ve,favorited_kgtac,0.18147304479878512,0.05220620358235037,4578,<0.00001
is_juggalo,likeschar_gamzee_makara,0.18129079042784627,0.03953194180898166,6324,<0.00001
is_from_tumblr,race_white,0.17970703822793854,0.14435356579136174,6969,<0.00001
region_american,ident_trans_nonbinary,0.17959859300641423,0.12565141864504922,6908,<0.00001
is_system,is_autistic,0.17790811339198437,0.11394584442009704,6389,<0.00001
is_juggalo,job_unemployed_student,0.17576642335766424,0.09522303068649161,6322,<0.00001
area_arts,read_on_desktop,0.17530163236337828,0.14127740705433747,5245,<0.00001
sex_cis,is_neurodivergent,0.17453135100193923,0.12908366533864543,6275,<0.00001
orient_straight,rel_single,0.17436020090887347,0.1046211251435132,6968,<0.00001
is_from_tumblr,region_american,0.17370228236719853,0.1215891418068712,7073,<0.00001
ident_trans_nonbinary,is_furry,0.17327253595229744,0.07888853401469179,6262,<0.00001
is_furry,is_juggalo,0.17274678111587982,0.07559868524025669,6389,<0.00001
gender_female,orient_gay,0.17273710782545978,0.06858533791523483,6984,<0.00001
is_from_tumblr,ident_trans_nonbinary,0.17246447819696228,0.050955414012738856,6908,<0.00001
sex_trans,gender_female,0.17197589324149806,0.1156629994209612,6908,<0.00001
ident_trans_male,is_neurodivergent,0.17165406116409077,0.08335994889811561,6262,<0.00001
gender_nonbinary,rel_single,0.1716038933559035,0.11635581061692969,6970,<0.00001
hateschar_eridan_ampora,ship_ff,0.17147636971978253,0.06543249281838494,6266,<0.00001
is_from_homestuck_net,area_arts,0.17111853088480802,0.0682082848111795,6011,<0.00001
gender_other,is_neurodivergent,0.17045454545454544,0.08494572911750826,6357,<0.00001
is_neurodivergent,is_juggalo,0.16948092557848654,0.08483330724683048,6389,<0.00001
likeschar_vriska_serket,ship_ff,0.1689623507805326,0.056790123456790124,6480,<0.00001
orient_straight,area_stem,0.1688132474701012,0.061443160890674704,5973,<0.00001
sex_trans,orient_other,0.1661986213939239,0.0942795076031861,6905,<0.00001
gender_other,is_autistic,0.16538729937194696,0.11184521000471921,6357,<0.00001
orient_gay,ship_ff,0.16416091019910606,0.06274266190402236,6439,<0.00001
is_neurodivergent,area_stem,0.16380118787120976,0.0963944076526858,5436,<0.00001
gender_male,hateschar_vriska_serket,0.16354981298877933,0.07285671008785216,6602,<0.00001
is_from_tumblr,via_tumblr,0.16335141651597349,0.03888649734538671,6969,<0.00001
is_system,is_alt_religious,0.16334072431633406,0.0345907027703866,6389,<0.00001
region_american,ident_cis_male,0.16306445387881127,0.12232194557035321,6908,<0.00001
sex_trans,gender_other,0.16269741789922287,0.09394904458598727,6908,<0.00001
is_neurodivergent,is_alt_religious,0.16217127444369522,0.07528564720613555,6389,<0.00001
ident_trans_female,orient_gay,0.16161616161616163,0.04410271289714203,6893,<0.00001
ident_trans_male,is_autistic,0.16159923389992817,0.10779303736825295,6262,<0.00001
ident_trans_nonbinary,job_employed,0.16115411681914146,0.06694927642157579,6841,<0.00001
ident_trans_male,orient_gay,0.1607940446650124,0.04700420716669085,6893,<0.00001
is_from_homestuck_net,is_juggalo,0.16016949152542373,0.05916418844889654,6389,<0.00001
sex_cis,rel_mono,0.16003765591903976,0.09870808535346204,6889,<0.00001
is_neurodivergent,favact_a5a2,0.15964740450538686,0.09522882181110029,5135,<0.00001
gender_nonbinary,orient_ace,0.15947467166979362,0.04868270332187858,6984,<0.00001
sex_cis,ship_ff,0.1577189827896224,0.09638932496075353,6370,<0.00001
orient_ace,rel_single,0.15743162901307967,0.09500574052812859,6968,<0.00001
orient_gay,rel_mono,0.15737580583996966,0.05955797933409874,6968,<0.00001
sex_trans,is_alt_religious,0.1566265060240964,0.09115537848605577,6275,<0.00001
is_system,is_adhd,0.15422276621787026,0.0986069807481609,6389,<0.00001
is_neurodivergent,ship_mf,0.15352231265787258,0.09302721088435374,5880,<0.00001
rel_poly,is_furry,0.1529175050301811,0.059927456237186566,6341,<0.00001
orient_straight,favact_a5a2,0.15197272284461763,0.05551601423487545,5620,<0.00001
race_other,job_unemployed_student,0.15177610333692143,0.08176282980574079,6898,<0.00001
sex_trans,rel_poly,0.15169606512890094,0.08114385251850777,6889,<0.00001
is_juggalo,area_arts,0.15113636363636362,0.04893303899926416,5436,<0.00001
orient_gay,rel_single,0.15057915057915058,0.10074626865671642,6968,<0.00001
orient_other,is_neurodivergent,0.1492921492921493,0.07308237517719327,6349,<0.00001
is_juggalo,read_on_mobile,0.14763897190675435,0.044512524779239504,5549,<0.00001
sex_trans,ship_mf,0.147202486678508,0.10408163265306122,6370,<0.00001
ident_trans_nonbinary,orient_ace,0.1471718835804503,0.038880023211954155,6893,<0.00001
likeschar_vriska_serket,favact_a5a2,0.1468822170900693,0.056453044558849634,5633,<0.00001
is_furry,ship_mf,0.14666248824819805,0.07959183673469387,5880,<0.00001
ident_trans_male,job_unemployed_student,0.1465896589658966,0.07791258587925742,6841,<0.00001
gender_other,orient_other,0.14628699050809604,0.03751431844215349,6984,<0.00001
is_alt_religious,is_juggalo,0.14567430025445294,0.03584285490687118,6389,<0.00001
ident_trans_male,area_arts,0.1452070334656835,0.04336777909537523,5903,<0.00001
ident_trans_male,is_furry,0.14517916512744736,0.06275950175662727,6262,<0.00001
sex_cis,is_furry,0.14403669724770643,0.1000796812749004,6275,<0.00001
rel_mono,is_juggalo,0.14355555555555555,0.05093833780160858,6341,<0.00001
ship_mm,favact_a5a2,0.1429584959205392,0.07543991014601273,5342,<0.00001
region_american,is_system,0.1427601809954751,0.09876349976522147,6389,<0.00001
ident_trans_female,is_furry,0.14224640497473767,0.058447780261897155,6262,<0.00001
gender_female,likeschar_vriska_serket,0.14217821782178217,0.05178133564113659,6933,<0.00001
sex_cis,area_arts,0.1421067182748134,0.08695652173913043,5911,<0.00001
ident_trans_male,likeschar_dirk_strider,0.1413237924865832,0.03471001757469244,6828,<0.00001
is_system,is_juggalo,0.1398046398046398,0.03584285490687118,6389,<0.00001
ident_trans_female,is_autistic,0.1391452161243322,0.09150431172149473,6262,<0.00001
is_from_tiktok,is_from_streaming,0.1388888888888889,0.0014138272303124558,7073,<0.00001
rel_poly,is_neurodivergent,0.13821416353061922,0.0637123482100615,6341,<0.00001
ident_trans_female,likeschar_vriska_serket,0.13814561294337274,0.03251318101933216,6828,<0.00001
gender_nonbinary,job_unemployed_student,0.13789053323937045,0.08463091118800461,6936,<0.00001
ident_trans_male,is_system,0.1378627968337731,0.03337591823698499,6262,<0.00001
gender_nonbinary,is_alt_religious,0.13784461152882205,0.04325939908761995,6357,<0.00001
is_from_tumblr,orient_ace,0.1377825618945102,0.036550542547115934,7004,<0.00001
ident_trans_female,read_on_desktop,0.1371200355003328,0.103,6000,<0.00001
ident_cis_male,is_adhd,0.13650651100134711,0.09709358032577452,6262,<0.00001
ident_trans_male,rel_mono,0.13582417582417583,0.04492585053794708,6878,<0.00001
is_furry,is_alt_religious,0.13579307721567135,0.05587728909062451,6389,<0.00001
gender_male,class_knight,0.13534675615212527,0.05738223205817262,6326,<0.00001
ident_trans_female,rel_poly,0.13532651455546812,0.02500726955510323,6878,<0.00001
is_autistic,is_alt_religious,0.13487705896395322,0.08843324463922367,6389,<0.00001
orient_straight,is_trad_religious,0.13399280575539568,0.023468262718538354,6349,<0.00001
gender_female,ship_mm,0.1338443396226415,0.07048594938674119,6441,<0.00001
ident_trans_male,favact_early_a6,0.1335478680611424,0.02988836874324811,5554,<0.00001
is_neurodivergent,favact_early_a6,0.1329243353783231,0.06329113924050633,5135,<0.00001
ident_trans_nonbinary,rel_single,0.13280035531867643,0.08694387903460309,6878,<0.00001
orient_gay,is_system,0.13242249080399368,0.03969128996692393,6349,<0.00001
is_from_discord_hsd,orient_straight,0.1318000884564352,0.04254711593375214,7004,<0.00001
region_american,area_retail,0.13154628940183669,0.08817168524371985,6011,<0.00001
ident_trans_nonbinary,is_alt_religious,0.13143872113676733,0.035451932290003194,6262,<0.00001
is_juggalo,favact_early_a6,0.13066465256797583,0.033690360272638754,5135,<0.00001
region_american,is_alt_religious,0.13012922239854907,0.08984191579276882,6389,<0.00001
ident_trans_female,is_adhd,0.13011335633316906,0.08431810923027787,6262,<0.00001
is_from_homestuck_net,ident_trans_male,0.12956129561295612,0.045744064852345105,6908,<0.00001
job_employed,hateschar_caliborn,0.12872841444270017,0.04990870359099209,6572,<0.00001
ident_trans_female,favact_a5a2,0.1285,0.046272956427799786,5554,<0.00001
gender_other,is_system,0.12844036697247707,0.03303445021236432,6357,<0.00001
rel_poly,is_autistic,0.12833048154485455,0.08279451190663933,6341,<0.00001
ship_mm,favact_early_a6,0.12754860123281175,0.05035567203294646,5342,<0.00001
sex_trans,favact_early_a6,0.12753164556962027,0.07248201438848921,5560,<0.00001
is_adhd,is_alt_religious,0.12730358874878758,0.08217248395680075,6389,<0.00001
job_employed,via_tumblr,0.12678855325914148,0.046366279069767445,6880,<0.00001
job_self_employed,area_arts,0.12609970674486803,0.028614207286641158,6011,<0.00001
gender_male,class_page,0.12595712098009187,0.05200758773316472,6326,<0.00001
rel_single,via_streaming,0.12542209358417752,0.07540603248259861,6896,<0.00001
job_unemployed_student,via_streaming,0.12478873239436619,0.06438953488372093,6880,<0.00001
likeschar_dirk_strider,favact_early_a6,0.12339137017411052,0.02893662346884431,5633,<0.00001
is_juggalo,read_on_desktop,0.12326901248581158,0.09785546945395567,5549,<0.00001
read_on_mobile,favact_early_a6,0.1229124916499666,0.03256637168141593,5650,<0.00001
ident_cis_female,read_on_desktop,0.12222696245733788,0.0955,6000,<0.00001
rel_poly,is_alt_religious,0.12179487179487179,0.023970982494874626,6341,<0.00001
gender_female,class_sylph,0.12082514734774066,0.038887132469174836,6326,<0.00001
race_other,region_american,0.12076612903225807,0.08595207346821639,6969,<0.00001
ident_cis_male,via_toby,0.11989100817438691,0.03229594832648268,6812,<0.00001
hateschar_equius_zahhak,ship_ff,0.11925708699902249,0.03894031279923396,6266,<0.00001
rel_poly,is_adhd,0.11920693928128873,0.07585554328970194,6341,<0.00001
rel_single,is_juggalo,0.11908284023668639,0.07617095095410818,6341,<0.00001
orient_other,is_system,0.11903204708960105,0.02866593164277839,6349,<0.00001
is_from_tumblr,hateschar_caliborn,0.11891592920353983,0.032335689577380054,6649,<0.00001
ident_cis_female,read_on_mobile,0.11846689895470383,0.034,6000,<0.00001
ident_trans_female,hateschar_eridan_ampora,0.11811440677966102,0.03427605287426991,6506,<0.00001
rel_mono,favact_early_a6,0.11787930062041738,0.03724826234182855,5611,<0.00001
ident_trans_male,read_on_mobile,0.1177525403466826,0.03283333333333333,6000,<0.00001
race_white,area_retail,0.11738484398216939,0.0929724277067922,5948,<0.00001
hateschar_eridan_ampora,hateschar_equius_zahhak,0.11714429361488185,0.03504286358850955,6649,<0.00001
ident_trans_male,hateschar_vriska_serket,0.11714285714285715,0.0315093759606517,6506,<0.00001
is_from_reddit_hs,ident_cis_male,0.11699445284921836,0.0335842501447597,6908,<0.00001
hateschar_eridan_ampora,ship_mm,0.11690046760187041,0.05585700606447495,6266,<0.00001
is_from_reddit_hs,sex_cis,0.11631799163179916,0.06025140875596012,6921,<0.00001
gender_male,via_streaming,0.11571976298361798,0.0480115690527838,6915,<0.00001
ident_cis_male,class_page,0.11434854315557999,0.03334936668270001,6237,<0.00001
ident_cis_male,is_autistic,0.11429803752426138,0.08463749600766528,6262,<0.00001
ident_trans_nonbinary,is_system,0.11425339366515837,0.03225806451612903,6262,<0.00001
is_from_friend,via_real_world_person,0.11419753086419752,0.04778303917348257,6969,<0.00001
ident_trans_nonbinary,rel_poly,0.11265060240963855,0.027188136086071533,6878,<0.00001
sex_trans,ship_poly,0.11173974540311174,0.06200941915227629,6370,<0.00001
ident_cis_male,via_streaming,0.11149825783972125,0.03288314738696418,6812,<0.00001
ident_trans_male,is_alt_religious,0.1114076050700467,0.02666879591184925,6262,<0.00001
region_european,sex_cis,0.11126720989041866,0.05721716514954486,6921,<0.00001
via_toby,favact_a5a2,0.1111111111111111,0.03697088765851045,5599,<0.00001
is_from_tumblr,sex_cis,0.11070019723865877,0.06487501806097384,6921,<0.00001
ident_trans_nonbinary,job_unemployed_student,0.11060834590246355,0.06431808215173221,6841,<0.00001
job_employed,area_stem,0.11059640995946729,0.06355015804358675,6011,<0.00001
is_system,ship_poly,0.11054421768707483,0.022108843537414966,5880,<0.00001
gender_nonbinary,area_retail,0.11029825548677546,0.032759485208089585,5983,<0.00001
ident_trans_male,read_on_desktop,0.11028156996587031,0.08616666666666667,6000,<0.00001
sex_cis,is_trad_religious,0.10970744680851063,0.05258964143426295,6275,<0.00001
likeschar_dirk_strider,class_prince,0.1096938775510204,0.020401708049976278,6323,<0.00001
is_from_reddit_hs,rel_single,0.10918995736617716,0.06594192533257044,6991,<0.00001
gender_female,class_witch,0.1090146750524109,0.032880177047107176,6326,<0.00001
is_from_tumblr,favorited_old_fanfic,0.109009009009009,0.026430755788553955,4578,<0.00001
job_unemployed_student,via_toby,0.10881582775676463,0.054360465116279066,6880,<0.00001
ident_trans_male,class_knight,0.10856769130150425,0.026615359948693282,6237,<0.00001
likeschar_tavros_nitram,hateschar_vriska_serket,0.10845295055821372,0.020460358056265986,6647,<0.00001
ident_trans_male,class_prince,0.10829694323144105,0.019881353214686547,6237,<0.00001
is_from_reddit_hs,ship_mf,0.10778175313059034,0.03715695343817453,6486,<0.00001
ident_cis_male,class_heir,0.10752688172043011,0.02886002886002886,6237,<0.00001
region_american,rel_poly,0.1059447983014862,0.0713774853382921,6991,<0.00001
gender_nonbinary,rel_poly,0.1059174540029836,0.030559540889526542,6970,<0.00001
gender_nonbinary,via_tumblr,0.10584823586273562,0.0316702819956616,6915,<0.00001
race_white,region_european,0.10559006211180125,0.08293872865547425,6969,<0.00001
likeschar_gamzee_makara,hateschar_vriska_serket,0.10543766578249338,0.02392056566872273,6647,<0.00001
gender_male,class_heir,0.10538922155688622,0.041732532405943726,6326,<0.00001
gender_male,ship_ff,0.1053864168618267,0.05589194224499301,6441,<0.00001
sex_cis,ident_cis_nonbinary,0.10523132748714847,0.05037637521713955,6908,<0.00001
ident_cis_male,is_rationalist,0.10512483574244415,0.025550942190993294,6262,<0.00001
likeschar_vriska_serket,hateschar_tavros_nitram,0.10407569141193596,0.021513464720926734,6647,<0.00001
orient_bi_pan,rel_poly,0.10399740006499837,0.045924225028702644,6968,<0.00001
region_american,orient_straight,0.10317936412717456,0.07367218732153055,7004,<0.00001
is_from_homestuck_net,job_employed,0.10303536619326092,0.05305420131918555,6974,<0.00001
rel_poly,ship_poly,0.10232558139534884,0.017123287671232876,6424,<0.00001
rel_poly,via_real_world_person,0.10222672064777327,0.0439385150812065,6896,<0.00001
region_european,ident_cis_male,0.10208227526663281,0.029096699478865083,6908,<0.00001
is_from_reddit_hs,orient_straight,0.102,0.021844660194174758,7004,<0.00001
region_european,area_stem,0.1016949152542373,0.0349359507569456,6011,<0.00001
race_white,rel_poly,0.10151542815409896,0.08016147635524798,6936,<0.00001
likeschar_gamzee_makara,favact_hivebent,0.10120068610634649,0.020947985087875022,5633,<0.00001
is_from_tumblr,rel_poly,0.10118343195266272,0.02446002002574739,6991,<0.00001
region_european,gender_male,0.10087260034904014,0.041203307670373536,7014,<0.00001
sex_cis,orient_gay,0.10075152653828089,0.062128892107168716,6905,<0.00001
ident_trans_nonbinary,via_tumblr,0.10057471264367816,0.025689958896065766,6812,<0.00001
ident_cis_female,is_adhd,0.10021023125437982,0.06850846374960076,6262,<0.00001
is_from_4chan,via_4chan,0.1,0.0008609556607834697,6969,<0.00001
ident_cis_female,class_sylph,0.09950248756218906,0.02244668911335578,6237,<0.00001
is_alt_religious,read_on_desktop,0.09925093632958802,0.07641016399351235,5549,<0.00001
ident_cis_male,is_trad_religious,0.09819763828464885,0.025231555413605878,6262,<0.00001
is_neurodivergent,job_unemployed_cantwork,0.09810017271157168,0.04492249288199937,6322,<0.00001
sex_cis,gender_other,0.0980788675429727,0.0561667631731326,6908,<0.00001
ident_trans_male,rel_single,0.09800814848347669,0.06295434719395172,6878,<0.00001
is_autistic,job_unemployed_cantwork,0.09736906810917138,0.06263840556785827,6322,<0.00001
is_trad_religious,ship_mf,0.09736842105263158,0.031462585034013606,5880,<0.00001
race_asian,job_unemployed_student,0.09735784032165422,0.04914467961728037,6898,<0.00001
is_system,job_unemployed_cantwork,0.0973377703826955,0.018506801645049035,6322,<0.00001
is_rationalist,area_stem,0.09714950552646888,0.03072111846946284,5436,<0.00001
read_on_desktop,favact_early_a6,0.09681093394077449,0.0752212389380531,5650,<0.00001
gender_nonbinary,ship_mf,0.09578030810448761,0.04440304300574445,6441,<0.00001
is_from_discord_hsd,via_toby,0.09477952356817029,0.026833118094418136,6969,<0.00001
sex_cis,is_juggalo,0.09316947699342669,0.05195219123505976,6275,<0.00001
gender_male,via_toby,0.0931159420289855,0.03716558206796818,6915,<0.00001
area_stem,read_on_mobile,0.0928157072735386,0.03965681601525262,5245,<0.00001
likeschar_eridan_ampora,ship_mm,0.09262435677530018,0.03333333333333333,6480,<0.00001
gender_female,class_maid,0.09258285113098369,0.027821688270629148,6326,<0.00001
area_stem,via_toby,0.0925553319919517,0.03102866779089376,5930,<0.00001
ship_mf,via_toby,0.09248014946286783,0.030894055234826027,6409,<0.00001
rel_other,is_system,0.09234828496042216,0.016558902381327865,6341,<0.00001
rel_married,is_parent,0.09230769230769231,0.003784891972874941,6341,<0.00001
ident_cis_female,class_witch,0.09199048374306107,0.01859868526535193,6237,<0.00001
ident_cis_female,is_trad_religious,0.09182098765432099,0.01900351325455126,6262,<0.00001
orient_straight,via_toby,0.09176984705025491,0.018247646632874728,6905,<0.00001
sex_cis,via_toby,0.09161179501860865,0.046886446886446886,6825,<0.00001
is_alt_religious,likeschar_gamzee_makara,0.09142857142857143,0.017710309930423784,6324,<0.00001
region_european,orient_straight,0.09121851599727705,0.019131924614505996,7004,<0.00001
ident_cis_male,is_furry,0.09105431309904154,0.0455126157777068,6262,<0.00001
ident_cis_male,favorited_kgtac,0.09098639455782313,0.023878598527114485,4481,<0.00001
ident_cis_male,favorited_rda,0.09025270758122744,0.02231644722160232,4481,<0.00001
is_alt_religious,ship_poly,0.09004329004329005,0.017687074829931974,5880,<0.00001
ident_cis_male,rel_mono,0.08993427879626427,0.03780168653678395,6878,<0.00001
is_alt_religious,read_on_lets_read,0.0896551724137931,0.0164676076728194,5526,<0.00001
job_unemployed_student,area_humanities,0.08928571428571429,0.04824488437863916,6011,<0.00001
orient_straight,hateschar_calliope,0.08897126969416126,0.014558689717925387,6594,<0.00001
sex_trans,job_unemployed_cantwork,0.08880616857218825,0.04874489200233508,6852,<0.00001
is_from_instagram,is_from_tiktok,0.08771929824561403,0.0007069136151562279,7073,<0.00001
gender_other,job_employed,0.08760611205432937,0.037197231833910036,6936,<0.00001
gender_male,class_prince,0.08742714404662781,0.033196332595637056,6326,<0.00001
ident_cis_male,ship_mm,0.08634920634920636,0.04277402107249568,6359,<0.00001
ident_cis_female,is_autistic,0.08592692828146144,0.06084318109230278,6262,<0.00001
region_american,via_streaming,0.08574358974358974,0.059979911034581716,6969,<0.00001
region_european,via_streaming,0.08573655494933749,0.01578418711436361,6969,<0.00001
race_asian,is_trad_religious,0.0855614973262032,0.012648221343873518,6325,<0.00001
likeschar_eridan_ampora,favact_hivebent,0.08544600938967137,0.016154802059293448,5633,<0.00001
is_from_friend,via_digital_friend,0.08527131782945736,0.01578418711436361,6969,<0.00001
sex_cis,favact_early_a6,0.08518276762402088,0.04694244604316547,5560,<0.00001
job_unemployed_done,area_arts,0.08456117873158232,0.021959740475794378,6011,<0.00001
gender_male,is_rationalist,0.08429752066115702,0.03209060877772534,6357,<0.00001
ident_trans_female,via_toby,0.08373590982286634,0.015267175572519083,6812,<0.00001
rel_other,is_neurodivergent,0.08368200836820083,0.03784891972874941,6341,<0.00001
ident_cis_male,hateschar_calliope,0.08359721342621912,0.020288964033200123,6506,<0.00001
job_employed,area_skilled_trades,0.08310871518418689,0.03077690900016636,6011,<0.00001
orient_straight,is_rationalist,0.08310249307479224,0.01417546070247283,6349,<0.00001
gender_male,orient_other,0.08307307932542161,0.038087056128293245,6984,<0.00001
is_from_tumblr,ship_mf,0.08293577981651376,0.03484427998766574,6486,<0.00001
job_employed,area_public_service,0.08263695450324977,0.029612377308268174,6011,<0.00001
ident_trans_female,class_witch,0.082483781278962,0.014269680936347603,6237,<0.00001
region_south_american,job_unemployed_student,0.0824002296870514,0.04115285345569257,6974,<0.00001
ident_trans_male,likeschar_eridan_ampora,0.08234362628661916,0.015231400117164616,6828,<0.00001
is_system,is_dhh,0.08217821782178218,0.012991078416027547,6389,<0.00001
ident_cis_male,area_arts,0.08095828170177613,0.03320345586989666,5903,<0.00001
gender_male,hateschar_equius_zahhak,0.08067796610169492,0.03604968191457134,6602,<0.00001
sex_trans,rel_other,0.08037383177570094,0.043692843663811876,6889,<0.00001
ident_cis_female,class_maid,0.08003233629749394,0.015873015873015872,6237,<0.00001
race_other,job_employed,0.07983482450103235,0.03363293708321253,6898,<0.00001
gender_female,is_juggalo,0.07948615014050582,0.03114676734308636,6357,<0.00001
read_on_mobile,favact_a5a2,0.07918739635157546,0.033805309734513275,5650,<0.00001
ident_trans_female,rel_single,0.0790259591086607,0.05001453911020646,6878,<0.00001
region_south_american,ident_cis_male,0.0789330430048993,0.02099015634047481,6908,<0.00001
ship_mm,class_prince,0.07889822595704948,0.028484746334063712,5933,<0.00001
sex_cis,orient_other,0.07873417721518987,0.04503982621288921,6905,<0.00001
rel_single,is_alt_religious,0.07805372529143437,0.04857278031856174,6341,<0.00001
likeschar_caliborn,hateschar_calliope,0.07744107744107744,0.006920415224913495,6647,<0.00001
sex_cis,gender_nonbinary,0.07721322387397382,0.05037637521713955,6908,<0.00001
race_black,likeschar_gamzee_makara,0.07715736040609138,0.011030478955007257,6890,<0.00001
likeschar_vriska_serket,class_thief,0.0769927536231884,0.013442985924402974,6323,<0.00001
race_black,region_american,0.07670700086430424,0.05093987659635529,6969,<0.00001
orient_straight,is_adhd,0.07638238050609185,0.05134666876673492,6349,<0.00001
is_juggalo,likeschar_eridan_ampora,0.07623318385650224,0.016129032258064516,6324,<0.00001
likeschar_jake_english,favact_early_a6,0.0761789600967352,0.011184093733357003,5633,<0.00001
orient_other,rel_other,0.07605421686746988,0.01449483352468427,6968,<0.00001
is_juggalo,job_employed,0.07591240875912408,0.032900980702309394,6322,<0.00001
orient_gay,ship_mf,0.07566462167689161,0.03447740332349744,6439,<0.00001
is_juggalo,likeschar_equius_zahhak,0.07511737089201878,0.015180265654648957,6324,<0.00001
hateschar_calliope,ship_mf,0.07419183889772125,0.022342802425789978,6266,<0.00001
ident_trans_nonbinary,ship_mf,0.07404664938911515,0.03145148608271741,6359,<0.00001
is_juggalo,favact_a5a2,0.07348092322185587,0.030379746835443037,5135,<0.00001
gender_female,orient_other,0.07341194370483073,0.02763459335624284,6984,<0.00001
is_from_tumblr,gender_male,0.07320601851851852,0.036070715711434276,7014,<0.00001
is_from_tumblr,job_unemployed_student,0.0731300619342544,0.044020648121594494,6974,<0.00001
gender_male,is_alt_religious,0.0731080088170463,0.031304074248859524,6357,<0.00001
ident_cis_male,likeschar_caliborn,0.07303047728579644,0.018599882835383715,6828,<0.00001
orient_straight,hateschar_davepeta,0.0726457399103139,0.012283894449499545,6594,<0.00001
orient_straight,favorited_rda,0.0724450194049159,0.012334801762114538,4540,<0.00001
likeschar_gamzee_makara,class_bard,0.07228915662650602,0.008540249881385418,6323,<0.00001
is_from_other,is_juggalo,0.07209302325581396,0.014556268586633276,6389,<0.00001
likeschar_gamzee_makara,read_on_desktop,0.07207401032702238,0.05512588448247491,6077,<0.00001
ident_trans_male,job_employed,0.07203092059030218,0.029966379184329775,6841,<0.00001
gender_female,orient_straight,0.07200306396016852,0.026918671248568157,6984,<0.00001
job_unemployed_student,area_social_sciences,0.07193578264896573,0.0387622691731825,6011,<0.00001
likeschar_jake_english,ship_mm,0.07171671896010758,0.024691358024691357,6480,<0.00001
likeschar_vriska_serket,ship_mm,0.07157534246575342,0.03225308641975309,6480,<0.00001
is_neurodivergent,via_streaming,0.0702319587628866,0.03458670474377281,6303,<0.00001
ident_cis_male,hateschar_davepeta,0.06992574257425743,0.017368582846603135,6506,<0.00001
is_from_tiktok,via_tiktok,0.06976744186046512,0.002152389151958674,6969,<0.00001
is_from_discord_hsd,ident_cis_female,0.06954046360309069,0.024753908511870294,6908,<0.00001
race_white,is_trad_religious,0.06865033061065733,0.0558102766798419,6325,<0.00001
rel_married,job_employed,0.06856111862877763,0.02197802197802198,6916,<0.00001
is_juggalo,area_stem,0.06828597616865262,0.027409860191317144,5436,<0.00001
is_from_reddit_hs,sex_trans,0.06804072510553762,0.03958965467418003,6921,<0.00001
race_native,is_juggalo,0.06794564348521183,0.013438735177865613,6325,<0.00001
likeschar_eridan_ampora,class_prince,0.06772908366533864,0.008065791554641783,6323,<0.00001
is_juggalo,via_tiktok,0.0674955595026643,0.012057750277645565,6303,<0.00001
ident_trans_male,likeschar_jake_english,0.0673076923076923,0.01127709431751611,6828,<0.00001
is_neurodivergent,is_dhh,0.06729039222741993,0.029269056190327124,6389,<0.00001
favorited_ve,favorited_detective,0.06724003127443315,0.018785495849716033,4578,<0.00001
region_european,is_adhd,0.06713018460800767,0.0438253247769604,6389,<0.00001
is_adhd,is_trad_religious,0.06703507928880346,0.04366880575989983,6389,<0.00001
hateschar_vriska_serket,ship_ff,0.06697952218430034,0.025055857006064476,6266,<0.00001
hateschar_davepeta,ship_mf,0.06694343539180073,0.02058729652090648,6266,<0.00001
is_system,favact_a5a2,0.0668724279835391,0.02531645569620253,5135,<0.00001
likeschar_caliborn,ship_mf,0.0665352390340069,0.020833333333333332,6480,<0.00001
ident_trans_nonbinary,likeschar_davepeta,0.06633733239237827,0.013766842413591095,6828,<0.00001
ship_mf,favact_early_a6,0.0662414131501472,0.025271433919880196,5342,<0.00001
likeschar_davepeta,favact_late_a6,0.06610169491525424,0.00692348659684005,5633,<0.00001
gender_nonbinary,likeschar_davepeta,0.06610169491525424,0.016875811337083515,6933,<0.00001
likeschar_dirk_strider,ship_mf,0.06609972941631233,0.02638888888888889,6480,<0.00001
hateschar_davepeta,hateschar_calliope,0.06583629893238434,0.005564746578432847,6649,<0.00001
rel_single,ship_poly,0.06556122448979591,0.04000622665006227,6424,<0.00001
gender_male,hateschar_calliope,0.06553398058252427,0.024538018782187216,6602,<0.00001
race_native,is_system,0.06538461538461539,0.01075098814229249,6325,<0.00001
likeschar_dirk_strider,ship_ff,0.0651986183074266,0.02330246913580247,6480,<0.00001
gender_male,likeschar_caliborn,0.06506205340353516,0.024953122746285878,6933,<0.00001
is_furry,likeschar_davepeta,0.06450252951096122,0.024193548387096774,6324,<0.00001
race_native,region_canadian,0.0644122383252818,0.005739704405223131,6969,<0.00001
region_american,via_toby,0.064375,0.04433921653034869,6969,<0.00001
orient_straight,ship_ff,0.06431159420289854,0.022053113837552415,6439,<0.00001
region_english,is_autistic,0.06395491301151679,0.04085146345280952,6389,<0.00001
gender_male,favorited_rda,0.06369047619047619,0.0235319991202991,4547,<0.00001
sex_cis,hateschar_davepeta,0.06367041198501873,0.03130274666257481,6517,<0.00001
gender_female,is_system,0.06347150259067358,0.023124115148655026,6357,<0.00001
likeschar_jake_english,class_page,0.0633879781420765,0.009172860983710264,6323,<0.00001
sex_cis,hateschar_calliope,0.06304893350062735,0.030842412152831056,6517,<0.00001
likeschar_eridan_ampora,hateschar_feferi_peixes,0.06294706723891273,0.006619527606438995,6647,<0.00001
is_autistic,is_trad_religious,0.06264609630668537,0.04194709657223353,6389,<0.00001
is_juggalo,likeschar_tavros_nitram,0.0625,0.012333965844402278,6324,<0.00001
likeschar_caliborn,hateschar_davepeta,0.0624,0.005867308560252746,6647,<0.00001
ident_trans_male,area_stem,0.06236466002598527,0.02439437574114857,5903,<0.00001
area_stem,favact_early_a6,0.06230031948881789,0.0240790286067092,4859,<0.00001
ident_cis_male,is_neurodivergent,0.062174746644754864,0.03625039923347174,6262,<0.00001
is_dhh,is_alt_religious,0.06204756980351603,0.009391141023634371,6389,<0.00001
ident_cis_male,favact_hivebent,0.061951471347444505,0.021606049693914296,5554,<0.00001
region_european,sex_trans,0.0619071392910634,0.03583297211385638,6921,<0.00001
gender_male,via_tumblr,0.061687229076358784,0.02675343456254519,6915,<0.00001
ident_trans_male,likeschar_mituna_captor,0.06158088235294118,0.00981253661394259,6828,<0.00001
job_employed,area_education,0.06152474364690147,0.022957910497421394,6011,<0.00001
orient_straight,is_autistic,0.061441156539417216,0.04284139234525122,6349,<0.00001
orient_straight,area_arts,0.06127574083375188,0.02042524694458396,5973,<0.00001
sex_trans,via_toby,0.061182519280205655,0.03487179487179487,6825,<0.00001
sex_cis,favorited_rda,0.06083821541234791,0.030080213903743314,4488,<0.00001
is_from_tumblr,area_public_service,0.06078767123287671,0.011811678589253036,6011,<0.00001
ship_mf,via_tumblr,0.060670343657191345,0.02231237322515213,6409,<0.00001
sex_trans,likeschar_davepeta,0.06008700380641653,0.032305218535301855,6841,<0.00001
likeschar_dirk_strider,likeschar_jake_english,0.059900166389351084,0.010304851867754402,6987,<0.00001
job_employed,area_health,0.059708093763821316,0.022458825486607884,6011,<0.00001
is_dhh,is_blind,0.05970149253731343,0.0037564564094537487,6389,<0.00001
race_native,is_neurodivergent,0.05960028551034975,0.02640316205533597,6325,<0.00001
gender_female,is_alt_religious,0.05918727915194346,0.021079125373603902,6357,<0.00001
job_unemployed_student,via_tumblr,0.05913692061800746,0.03226744186046512,6880,<0.00001
race_white,region_english,0.05873715124816446,0.04591763524178505,6969,<0.00001
is_alt_religious,favact_a5a2,0.05867082035306334,0.022005842259006817,5135,<0.00001
region_european,is_neurodivergent,0.05865102639296188,0.028173423070903116,6389,<0.00001
orient_straight,rel_mono,0.05824847250509165,0.020522388059701493,6968,<0.00001
job_employed,via_dont_remember,0.057750759878419454,0.022093023255813953,6880,<0.00001
gender_male,orient_ace,0.05737449329591519,0.026345933562428408,6984,<0.00001
is_from_homestuck_net,via_tumblr,0.05707196029776675,0.019801980198019802,6969,<0.00001
is_from_tumblr,rel_married,0.05672727272727273,0.01115720211700758,6991,<0.00001
job_employed,area_business_&_finance,0.05662921348314607,0.02096157045416736,6011,<0.00001
likeschar_caliborn,favorited_canwc,0.056179775280898875,0.004386926957666155,4559,<0.00001
sex_trans,is_dhh,0.05615124153498871,0.031713147410358564,6275,<0.00001
job_unemployed_student,favorited_sburbexe,0.056100981767180924,0.02646669607410675,4534,<0.00001
rel_poly,job_unemployed_student,0.055765086206896554,0.029930595720069404,6916,<0.00001
rel_single,is_system,0.054754338792471276,0.035325658413499446,6341,<0.00001
sex_trans,is_trad_religious,0.05441640378548896,0.03298804780876494,6275,<0.00001
job_employed,via_streaming,0.05434380776340111,0.02136627906976744,6880,<0.00001
via_tiktok,read_on_mobile,0.05357142857142857,0.010397755405182374,6059,<0.00001
likeschar_dirk_strider,favorited_detective,0.053445850914205346,0.008335161219565694,4559,<0.00001
is_alt_religious,area_stem,0.05320735952262556,0.019683590875643857,5436,<0.00001
race_black,read_on_desktop,0.05304518664047151,0.04017857142857143,6048,<0.00001
likeschar_calliope,ship_ff,0.05304400241109102,0.013580246913580247,6480,<0.00001
sex_cis,is_alt_religious,0.05277201304476727,0.028366533864541833,6275,<0.00001
is_juggalo,likeschar_mituna_captor,0.05276595744680851,0.00980392156862745,6324,<0.00001
likeschar_dirk_strider,ship_pro,0.05177372962607862,0.008333333333333333,6480,<0.00001
sex_cis,job_unemployed_cantwork,0.0517718715393134,0.0272913018096906,6852,<0.00001
via_tiktok,favact_early_a6,0.05161290322580645,0.007144132880871584,5599,<0.00001
ident_trans_male,ship_mf,0.051542366263178443,0.02075798081459349,6359,<0.00001
is_autistic,is_dhh,0.05142716535433071,0.032712474565659726,6389,<0.00001
ident_trans_male,favact_a5a2,0.05138699408822192,0.02034569679510263,5554,<0.00001
region_european,job_employed,0.050981873111782476,0.019357613994837968,6974,<0.00001
is_from_twitter,is_from_streaming,0.050980392156862744,0.0018379753994061925,7073,<0.00001
orient_ace,is_juggalo,0.05039193729003359,0.01417546070247283,6349,<0.00001
ident_cis_male,orient_gay,0.050198627663416394,0.020165385173364282,6893,<0.00001
ship_poly,ship_pro,0.05,0.005396238051187172,6486,<0.00001
ident_cis_female,is_furry,0.0496915695681974,0.023155541360587673,6262,<0.00001
region_european,via_real_world_person,0.04964766175528507,0.02224135457023963,6969,<0.00001
ship_mm,via_toby,0.04961984793917567,0.019347792167264784,6409,<0.00001
likeschar_vriska_serket,likeschar_dirk_strider,0.04900459418070444,0.013739802490339202,6987,<0.00001
rel_poly,ship_mf,0.04883318928262748,0.017590286425902865,6424,<0.00001
is_from_discord_hsd,via_tumblr,0.048736462093862815,0.015497201894102454,6969,<0.00001
region_south_american,is_autistic,0.04860614724803431,0.03192987948035687,6389,<0.00001
ident_trans_female,favorited_godfeels,0.048561151079136694,0.0060254407498326265,4481,<0.00001
sex_cis,ship_poly,0.04832056570418385,0.025745682888540032,6370,<0.00001
region_south_american,is_adhd,0.048316251830161056,0.030990765377993425,6389,<0.00001
region_asian,is_trad_religious,0.04823151125401929,0.0046955705118171855,6389,<0.00001
gender_female,class_page,0.0479964773227653,0.01723047739487828,6326,<0.00001
ident_trans_female,via_discord,0.047311827956989246,0.0064591896652965355,6812,<0.00001
is_system,is_blind,0.046236559139784944,0.006730317733604633,6389,<0.00001
ident_trans_male,via_tiktok,0.04592314901593252,0.0071931884908984145,6812,<0.00001
hateschar_vriska_serket,hateschar_equius_zahhak,0.0455531453362256,0.012633478718604301,6649,<0.00001
ident_cis_male,is_juggalo,0.045433472415391744,0.01564995209198339,6262,<0.00001
ident_cis_male,class_sylph,0.04538087520259319,0.013468013468013467,6237,<0.00001
region_oceanic,is_autistic,0.045241038318912234,0.028642980122084834,6389,<0.00001
ident_trans_male,ship_ff,0.04519774011299435,0.016354772763013052,6359,<0.00001
region_american,area_humanities,0.044998777207141114,0.030610547329895193,6011,<0.00001
orient_straight,ship_mm,0.04485582057671769,0.019568255940363412,6439,<0.00001
likeschar_gamzee_makara,ship_ff,0.044444444444444446,0.013888888888888888,6480,<0.00001
is_blind,is_juggalo,0.044386422976501305,0.007982469870089217,6389,<0.00001
ident_trans_male,likeschar_vriska_serket,0.044350580781414996,0.012302284710017574,6828,<0.00001
gender_female,class_heir,0.04397163120567376,0.014701233006639267,6326,<0.00001
gender_male,rel_poly,0.043926788685524125,0.018938307030129126,6970,<0.00001
hateschar_jake_english,ship_mm,0.043786488740617184,0.016757101819342483,6266,<0.00001
ident_trans_female,is_juggalo,0.04340175953079179,0.011817310763334398,6262,<0.00001
orient_straight,is_neurodivergent,0.0433046683046683,0.022208221767207433,6349,<0.00001
gender_male,class_sylph,0.04330275229357798,0.018653177363262725,6326,<0.00001
race_white,race_other,0.04264634344089509,0.037738556464342085,6969,<0.00001
is_from_tumblr,via_deviantart,0.04258555133079848,0.008035586167312384,6969,<0.00001
via_other,via_amino,0.04229607250755287,0.002008896541828096,6969,<0.00001
job_unemployed_student,via_tiktok,0.0421595389748256,0.02020348837209302,6880,<0.00001
area_stem,likeschar_gamzee_makara,0.042085126733620276,0.014797376828653102,5947,<0.00001
region_south_american,via_real_world_person,0.042045072317524385,0.017936576266322283,6969,<0.00001
ident_trans_female,hateschar_vriska_serket,0.041978148361127086,0.011220411927451584,6506,<0.00001
ident_trans_female,read_on_mobile,0.04190919674039581,0.012,6000,<0.00001
ship_pro,ship_mf,0.041731872717788214,0.012334258402713537,6486,<0.00001
orient_ace,rel_mono,0.04158173664900122,0.014638346727898967,6968,<0.00001
ident_cis_male,favorited_canwc,0.04147031102733271,0.00981923677750502,4481,<0.00001
sex_cis,rel_other,0.04145798553144129,0.021628683408332124,6889,<0.00001
ident_cis_male,likeschar_jack_noir_b1,0.03932584269662921,0.00922671353251318,6828,<0.00001
orient_gay,is_trad_religious,0.03924820342730791,0.0111828634430619,6349,<0.00001
is_from_reddit_hs,ident_trans_nonbinary,0.03905390539053905,0.010277938621887667,6908,<0.00001
is_from_tumblr,is_juggalo,0.03890489913544669,0.012678040381906402,6389,<0.00001
race_white,region_south_american,0.03840028313572819,0.031137896398335484,6969,<0.00001
is_neurodivergent,is_blind,0.038307187157971545,0.01643449679136015,6389,<0.00001
gender_nonbinary,is_trad_religious,0.03828715365239295,0.011955324838760422,6357,<0.00001
is_from_facebook,region_south_american,0.03821656050955414,0.0025448890145624205,7073,<0.00001
gender_nonbinary,via_toby,0.0381791483113069,0.011279826464208243,6915,<0.00001
is_from_twitter,is_from_tiktok,0.03816793893129771,0.0014138272303124558,7073,<0.00001
ident_cis_male,orient_other,0.03805938937682978,0.013201798926447121,6893,<0.00001
job_unemployed_student,via_discord,0.037383177570093455,0.01802325581395349,6880,<0.00001
is_from_other,read_on_desktop,0.03731829030158386,0.028081632653061225,6125,<0.00001
is_juggalo,hateschar_gamzee_makara,0.03673880221439356,0.012122218532049154,6022,<0.00001
ident_cis_female,class_page,0.03603034134007586,0.00913900913900914,6237,<0.00001
region_english,is_adhd,0.03543499511241447,0.022695257473783065,6389,<0.00001
ident_trans_nonbinary,is_trad_religious,0.035387431360585725,0.009262216544235069,6262,<0.00001
region_european,ident_trans_nonbinary,0.03537338573834924,0.009119861030689055,6908,<0.00001
rel_poly,favorited_godfeels,0.03532008830022075,0.00353045013239188,4532,<0.00001
ident_cis_male,orient_ace,0.0352233676975945,0.011896126505150153,6893,<0.00001
is_from_tumblr,ident_cis_male,0.03502093642938713,0.013317892298784018,6908,<0.00001
ident_trans_female,orient_ace,0.03496932515337423,0.00826925866821413,6893,<0.00001
is_system,favorited_godfeels,0.0347985347985348,0.004546542234984446,4179,<0.00001
race_other,region_european,0.034653465346534656,0.008035586167312384,6969,<0.00001
class_prince,moon_prospit,0.034253408713002996,0.01647736362182051,6251,<0.00001
ident_cis_male,favact_early_a6,0.034224598930481284,0.011523226503420959,5554,<0.00001
is_from_reddit_hs,is_from_discord_hsd,0.033807829181494664,0.010745086950374664,7073,<0.00001
is_from_tumblr,orient_straight,0.033460803059273424,0.009994288977727013,7004,<0.00001
orient_straight,favact_early_a6,0.03345195729537367,0.008362989323843417,5620,<0.00001
ident_trans_female,ship_mm,0.033114992721979625,0.014310426167636421,6359,<0.00001
job_employed,via_toby,0.03288201160541586,0.012354651162790697,6880,<0.00001
ident_trans_female,likeschar_dirk_strider,0.032767700409596257,0.008201523140011716,6828,<0.00001
ident_cis_male,via_tumblr,0.03255813953488372,0.010275983558426306,6812,<0.00001
orient_straight,via_tumblr,0.0322180916976456,0.007530774800868936,6905,<0.00001
orient_straight,is_juggalo,0.031652989449003514,0.008505276421483698,6349,<0.00001
job_employed,favorited_kgtac,0.031476997578692496,0.011468901632112925,4534,<0.00001
ident_cis_male,ship_poly,0.031028851388132824,0.00896367353357446,6359,<0.00001
sex_cis,likeschar_davepeta,0.030927835051546393,0.01578716561906154,6841,<0.00001
orient_straight,is_furry,0.03051560855840056,0.013702945345723735,6349,<0.00001
job_employed,area_arts,0.0300820419325433,0.016469805356845783,6011,<0.00001
region_asian,sex_cis,0.02927120669056153,0.014159803496604537,6921,<0.00001
ident_cis_male,favorited_old_fanfic,0.029223093371347115,0.009149743360856952,4481,<0.00001
job_employed,via_webcomic,0.029099307159353348,0.009156976744186047,6880,<0.00001
is_from_reddit_hs,is_system,0.02863278453829635,0.006260760682422915,6389,<0.00001
gender_male,likeschar_davepeta,0.028613352898019074,0.01125054089138901,6933,<0.00001
favorited_ve,favorited_lyricstuck,0.028330781010719754,0.008082131935342945,4578,<0.00001
hateschar_dirk_strider,ship_mm,0.028236316246741965,0.01037344398340249,6266,<0.00001
race_asian,race_other,0.027741935483870966,0.006170182235614866,6969,<0.00001
gender_male,class_maid,0.02765874561745228,0.011223521972810622,6326,<0.00001
sex_trans,hateschar_davepeta,0.027647221454243847,0.015344483658124904,6517,<0.00001
ship_ff,class_prince,0.02704257767548907,0.007921793359177481,5933,<0.00001
race_white,race_asian,0.026994497936726272,0.022528339790500788,6969,<0.00001
gender_female,class_prince,0.026526526526526525,0.008378122036041732,6326,<0.00001
likeschar_vriska_serket,likeschar_gamzee_makara,0.026171637248934874,0.006154286532131101,6987,<0.00001
sex_cis,is_system,0.02586696986924389,0.01450199203187251,6275,<0.00001
rel_single,is_dhh,0.025550421310138623,0.014824160227093519,6341,<0.00001
sex_trans,favorited_rda,0.02553708958248885,0.014037433155080214,4488,<0.00001
ident_cis_male,job_unemployed_cantwork,0.025265285497726123,0.00730887297178775,6841,<0.00001
ident_cis_male,rel_other,0.025039123630672927,0.006978772899098575,6878,<0.00001
race_white,race_native,0.02493273542600897,0.01994547280815038,6969,<0.00001
region_south_american,job_employed,0.024822695035460994,0.009033553197591053,6974,<0.00001
orient_straight,job_unemployed_cantwork,0.02437325905292479,0.005053421888535951,6926,<0.00001
hateschar_caliborn,hateschar_jake_english,0.02393418100224383,0.004812753797563543,6649,<0.00001
race_black,region_african,0.023809523809523808,0.001578418711436361,6969,<0.00001
sex_cis,is_dhh,0.023333333333333334,0.011155378486055778,6275,<0.00001
ident_trans_male,via_toby,0.023287671232876714,0.0049911920140927775,6812,<0.00001
sex_trans,hateschar_calliope,0.02324294410625346,0.01288936627282492,6517,<0.00001
ident_trans_male,class_sylph,0.02314499659632403,0.005451338784672118,6237,<0.00001
sex_cis,rel_poly,0.023104880581516097,0.01291914646537959,6889,<0.00001
likeschar_caliborn,hateschar_eridan_ampora,0.0231042654028436,0.005867308560252746,6647,<0.00001
ident_cis_male,class_lord,0.022895125553914326,0.004970338303671637,6237,<0.00001
job_unemployed_student,area_business_&_finance,0.022822822822822823,0.012643486940608883,6011,<0.00001
is_from_discord_twitter,job_unemployed_student,0.022802280228022803,0.010897619730427301,6974,<0.00001
race_other,region_mideast,0.022770398481973434,0.0034438226431338786,6969,<0.00001
ident_cis_male,class_maid,0.022538552787663108,0.006092672759339426,6237,<0.00001
is_from_streaming,via_streaming,0.022020725388601035,0.0024393743722198307,6969,<0.00001
gender_female,favorited_godfeels,0.021774193548387097,0.005937981086430614,4547,<0.00001
likeschar_equius_zahhak,ship_ff,0.021727322107550243,0.006172839506172839,6480,<0.00001
ident_cis_male,likeschar_davepeta,0.021727019498607242,0.0057117750439367315,6828,<0.00001
gender_male,class_witch,0.021365890881343,0.008852355358836548,6326,<0.00001
ident_trans_female,likeschar_gamzee_makara,0.02109090909090909,0.00424721734036321,6828,<0.00001
ident_cis_female,class_prince,0.020202020202020204,0.004168670835337502,6237,<0.00001
job_unemployed_student,area_skilled_trades,0.020011771630370805,0.011312593578439528,6011,<0.00001
hateschar_eridan_ampora,hateschar_feferi_peixes,0.019879518072289156,0.004963152353737404,6649,<0.00001
likeschar_tavros_nitram,ship_ff,0.019401330376940133,0.005401234567901234,6480,<0.00001
is_from_reddit_hs,is_from_homestuck_net,0.018643395477984926,0.006644987982468542,7073,<0.00001
hateschar_calliope,ship_ff,0.01848642403235124,0.005106926268751995,6266,<0.00001
gender_nonbinary,hateschar_calliope,0.01835915088927137,0.004847016055740685,6602,<0.00001
likeschar_eridan_ampora,ship_ff,0.018134715025906734,0.005401234567901234,6480,<0.00001
hateschar_vriska_serket,hateschar_tavros_nitram,0.018111254851228976,0.0042111595728681,6649,<0.00001
is_parent,job_employed,0.017598343685300208,0.005378044922492882,6322,<0.00001
ident_cis_female,favorited_kgtac,0.01714898177920686,0.0035706315554563713,4481,<0.00001
race_white,race_black,0.017025712300208478,0.014062275792796671,6969,<0.00001
hateschar_eridan_ampora,hateschar_davepeta,0.016898008449004225,0.0042111595728681,6649,<0.00001
orient_straight,ship_poly,0.01686217008797654,0.003571983227209194,6439,<0.00001
via_tiktok,read_on_desktop,0.01678445229681979,0.012543323980854927,6059,<0.00001
hateschar_gamzee_makara,hateschar_feferi_peixes,0.01673360107095047,0.003759963904346518,6649,<0.00001
orient_straight,rel_other,0.01670297748729121,0.0033008036739380023,6968,<0.00001
is_from_tumblr,via_toby,0.01669545192861255,0.00416128569378677,6969,<0.00001
favorited_ve,favorited_mambostuck,0.016563146997929608,0.005242463958060288,4578,<0.00001
ident_cis_male,is_alt_religious,0.016418676244227808,0.005110188438198659,6262,<0.00001
ident_trans_female,likeschar_eridan_ampora,0.0158465387823186,0.0027826596367896894,6828,<0.00001
ident_trans_nonbinary,hateschar_calliope,0.015759312320916905,0.003381494005533354,6506,<0.00001
likeschar_vriska_serket,likeschar_equius_zahhak,0.015613910574875798,0.0031487047373694003,6987,<0.00001
gender_female,class_bard,0.015466666666666667,0.004584255453683212,6326,<0.00001
sex_trans,favorited_godfeels,0.01540436456996149,0.008021390374331552,4488,<0.00001
favorited_ve,favorited_rda,0.015099519560741249,0.004805591961555264,4578,<0.00001
likeschar_vriska_serket,hateschar_vriska_serket,0.014961389961389961,0.004663758086354747,6647,<0.00001
ident_cis_nonbinary,orient_straight,0.014937106918238994,0.002756419556071377,6893,<0.00001
is_from_reddit_hs,is_from_tumblr,0.014791336502905442,0.003958716244874877,7073,<0.00001
race_other,region_english,0.014619883040935672,0.0028698522026115655,6969,<0.00001
ident_cis_male,rel_poly,0.014533520862634786,0.004507124164001163,6878,<0.00001
ship_mm,favorited_sburbexe,0.01445466491458607,0.005027422303473492,4376,<0.00001
region_european,area_retail,0.014273719563392108,0.002828148394609882,6011,<0.00001
ident_trans_female,likeschar_equius_zahhak,0.014134275618374558,0.0023432923257176333,6828,<0.00001
is_from_discord_hsd,is_from_discord_other,0.013717421124828532,0.004241481690937367,7073,<0.00001
is_from_facebook,race_other,0.013579049466537343,0.002008896541828096,6969,<0.00001
ident_cis_male,class_witch,0.01320321469575201,0.003687670354337021,6237,<0.00001
likeschar_vriska_serket,likeschar_tavros_nitram,0.013167520117044623,0.0025762129669386004,6987,<0.00001
gender_other,orient_straight,0.012974051896207584,0.0037227949599083618,6984,<0.00001
ident_cis_male,is_system,0.012909632571996028,0.00415202810603641,6262,<0.00001
job_employed,favorited_sburbexe,0.012682308180088777,0.004411116012351125,4534,<0.00001
ident_cis_female,rel_poly,0.01259748050389922,0.0030532131433556268,6878,<0.00001
hateschar_eridan_ampora,hateschar_mituna_captor,0.012338062924120914,0.0030079711234772145,6649,<0.00001
is_from_reddit_hs,is_from_discord_other,0.01233616037008481,0.0022621235684999294,7073,<0.00001
ident_trans_male,orient_straight,0.012286324786324786,0.0033367184099811404,6893,<0.00001
job_self_employed,area_stem,0.012257405515832482,0.003992680086508068,6011,<0.00001
orient_straight,is_alt_religious,0.011691884456671253,0.0026775870215782014,6349,<0.00001
job_unemployed_student,via_deviantart,0.01151801535735381,0.005668604651162791,6880,<0.00001
is_from_tumblr,favorited_kgtac,0.011363636363636364,0.002621231979030144,4578,<0.00001
likeschar_jake_english,ship_ff,0.011185682326621925,0.0030864197530864196,6480,<0.00001
ident_trans_female,likeschar_tavros_nitram,0.011039558417663294,0.0017574692442882249,6828,<0.00001
job_employed,area_social_sciences,0.010874111250522794,0.004325403427050407,6011,<0.00001
ident_cis_female,is_system,0.010778443113772455,0.0028744809964867456,6262,<0.00001
ident_cis_male,is_dhh,0.010774410774410775,0.0025550942190993293,6262,<0.00001
is_from_discord_hsd,is_from_twitter,0.010416666666666666,0.002686271737593666,7073,<0.00001
hateschar_eridan_ampora,hateschar_calliope,0.01033434650455927,0.0025567754549556325,6649,<0.00001
region_asian,is_autistic,0.01008610086100861,0.006417279699483487,6389,<0.00001
region_asian,sex_trans,0.009978425026968716,0.005346048258922121,6921,<0.00001
is_from_reddit_hs,is_from_friend,0.009833585476550681,0.0018379753994061925,7073,<0.00001
is_from_twitter,is_from_homestuck_net,0.009675858732462506,0.0028276544606249117,7073,<0.00001
region_south_american,area_retail,0.009560229445506692,0.0016636167027116952,6011,<0.00001
is_from_reddit_hs,is_from_other,0.009345794392523364,0.0014138272303124558,7073,<0.00001
sex_trans,orient_straight,0.009314703925482368,0.0060825488776249095,6905,<0.00001
is_from_discord_hsd,is_from_homestuck_net,0.009302325581395349,0.004524247136999859,7073,<0.00001
is_from_discord_hsd,is_from_tumblr,0.009289031797070382,0.003675950798812385,7073,<0.00001
likeschar_mituna_captor,ship_ff,0.009269988412514484,0.0024691358024691358,6480,<0.00001
gender_nonbinary,orient_straight,0.009188973232121454,0.003293241695303551,6984,<0.00001
is_from_homestuck_net,is_from_other,0.009057971014492754,0.0028276544606249117,7073,<0.00001
job_employed,area_humanities,0.008939455505891914,0.0036599567459657295,6011,<0.00001
is_from_tumblr,is_from_homestuck_net,0.008875739644970414,0.003817333521843631,7073,<0.00001
orient_straight,is_system,0.008535784635587657,0.0020475665459127423,6349,<0.00001
favorited_kgtac,favorited_old_fanfic,0.008438818565400843,0.001310615989515072,4578,<0.00001
is_from_discord_other,is_from_tumblr,0.008337965536409116,0.0021207408454686836,7073,<0.00001
is_from_tumblr,is_from_friend,0.008237232289950576,0.0021207408454686836,7073,<0.00001
ident_trans_female,orient_straight,0.008106543138390272,0.0020310459886841723,6893,<0.00001
is_from_friend,is_from_other,0.008105369807497468,0.0011310617842499647,7073,<0.00001
race_asian,region_south_american,0.007820136852394917,0.0011479408810446262,6969,<0.00001
likeschar_dirk_strider,hateschar_dirk_strider,0.00779423226812159,0.0015044380923724988,6647,<0.00001
job_unemployed_student,area_public_service,0.007735792918774174,0.004325403427050407,6011,<0.00001
is_from_discord_hsd,is_from_friend,0.00765076507650765,0.0024035062915311748,7073,<0.00001
hateschar_vriska_serket,hateschar_mituna_captor,0.0074794315632011965,0.0015039855617386072,6649,<0.00001
is_from_tumblr,favorited_sburbexe,0.007345225603357817,0.0015290519877675841,4578,<0.00001
gender_male,class_muse,0.006855184233076264,0.002529244388239014,6326,<0.00001
rel_married,job_unemployed_student,0.006584597766962496,0.003325621746674378,6916,<0.00001
likeschar_dirk_strider,likeschar_feferi_peixes,0.006557377049180328,0.0011449835408616,6987,<0.00001
favorited_ve,favorited_canwc,0.0065549890750182084,0.001965923984272608,4578,<0.00001
race_native,region_european,0.00631578947368421,0.0008609556607834697,6969,<0.00001
hateschar_equius_zahhak,hateschar_calliope,0.006200177147918512,0.001052789893217025,6649,<0.00001
ident_cis_male,via_deviantart,0.006024096385542169,0.001467997651203758,6812,<0.00001
job_unemployed_student,via_webcomic,0.005971931919976112,0.0029069767441860465,6880,<0.00001
is_from_tumblr,via_discord,0.005792903692976104,0.0011479408810446262,6969,<0.00001
is_from_discord_other,is_from_homestuck_net,0.005721291377196567,0.0019793581224374383,7073,<0.00001
is_from_friend,is_from_homestuck_net,0.005670311867152693,0.0019793581224374383,7073,<0.00001
likeschar_vriska_serket,likeschar_mituna_captor,0.005490196078431373,0.0010018605982539,6987,<0.00001
is_from_discord_hsd,is_from_bluesky,0.005148741418764302,0.0012724445072812103,7073,<0.00001
read_on_books,read_on_desktop,0.004862953138815208,0.0035918367346938775,6125,<0.00001
job_employed,via_tiktok,0.004816112084063047,0.0015988372093023256,6880,<0.00001
likeschar_gamzee_makara,hateschar_gamzee_makara,0.004496908375491849,0.001203550473897999,6647,<0.00001
ship_ff,ship_pro,0.004120070629782225,0.0010792476102374346,6486,<0.00001
is_from_bluesky,is_from_homestuck_net,0.004014049172102358,0.0011310617842499647,7073,<0.00001
race_white,region_asian,0.0034414055424741895,0.0027263595924809873,6969,<0.00001
likeschar_equius_zahhak,hateschar_equius_zahhak,0.003352891869237217,0.0006017752369489995,6647,<0.00001
orient_straight,rel_poly,0.003136762860727729,0.0007175660160734788,6968,<0.00001
race_white,region_mideast,0.003124425657048337,0.0024393743722198307,6969,<0.00001
is_from_discord_other,is_from_other,0.003092783505154639,0.00042414816909373674,7073,<0.00001
ident_trans_female,likeschar_jake_english,0.002806361085126286,0.0004393673110720562,6828,<0.00001
likeschar_caliborn,hateschar_caliborn,0.0024469820554649264,0.00045133142771174966,6647,<0.00001
sex_cis,favorited_godfeels,0.002281021897810219,0.0011140819964349377,4488,<0.00001
likeschar_eridan_ampora,hateschar_eridan_ampora,0.002229654403567447,0.0006017752369489995,6647,<0.00001
area_arts,favorited_detective,0.0021413276231263384,0.0005055611729019212,3956,<0.00001
is_from_discord_hsd,is_from_other,0.00202020202020202,0.0005655308921249824,7073,<0.00001
is_from_tumblr,is_from_other,0.0019011406844106464,0.00042414816909373674,7073,<0.00001
ident_trans_nonbinary,orient_straight,0.0018700327255726976,0.0005802988539097636,6893,<0.00001
favorited_mambostuck,favorited_old_fanfic,0.001579778830963665,0.00021843599825251202,4578,<0.00001
is_from_discord_twitter,is_from_homestuck_net,0.0015313935681470138,0.00042414816909373674,7073,<0.00001
rel_single,is_parent,0.0014084507042253522,0.0007885191610156126,6341,<0.00001
read_on_mobile,read_on_desktop,0.0012565069107880094,0.001142857142857143,6125,<0.00001
via_streaming,via_website,0.0011013215859030838,0.00014349261013057828,6969,<0.00001
is_from_facebook,race_white,0.0009225092250922509,0.0007174630506528914,6969,<0.00001
via_real_world_person,via_website,0.0007165890361877463,0.00028698522026115655,6969,<0.00001
is_parent,job_unemployed_student,0.0006572461386789353,0.00031635558367605187,6322,<0.00001
via_real_world_person,via_streaming,0.000591016548463357,0.00028698522026115655,6969,<0.00001
via_real_world_person,via_webcomic,0.0003635041802980734,0.00014349261013057828,6969,<0.00001
via_real_world_person,via_toby,0.00031240237425804435,0.00014349261013057828,6969,<0.00001
